riviere,distance,geometry,riviere_proche,distance_rhone
L'Ain,0.0,POINT (869105.8929899975 6523853.842978292),Le Rhône,367.0
L'Ardèche,0.0,POINT (831594.9880165437 6352954.475125019),Le Rhône,132.0
L'Isère,0.0,POINT (846042.0940841922 6433112.77827343),Le Rhône,223.0
La Durance,0.0,POINT (839539.4337562625 6315272.712177797),Le Rhône,82.0
La Saône,0.0,POINT (841425.8902162173 6515914.598375307),Le Rhône,332.0
Le Rhône,0.0,POINT (848725.8399334975 6253124.717794795),La Durance,41.0
